estrous,bitten
estrous,bitten
estrous,bitten
estrous,bitten
estrous,bitten
estrous,bitten
estrous,bitten
estrous,bitten
estrous,bitten
estrous,bitten
estrous,bitten
estrous,bitten
estrous,bitten
estrous,bitten
estrous,bitten
estrous,bitten
estrous,not bitten
estrous,not bitten
estrous,not bitten
estrous,not bitten
estrous,not bitten
estrous,not bitten
estrous,not bitten
no estrous,bitten
no estrous,bitten
no estrous,bitten
no estrous,bitten
no estrous,bitten
no estrous,bitten
no estrous,not bitten
no estrous,not bitten
no estrous,not bitten
no estrous,not bitten
no estrous,not bitten
no estrous,not bitten
no estrous,not bitten
no estrous,not bitten
no estrous,not bitten
no estrous,not bitten
no estrous,not bitten
no estrous,not bitten
no estrous,not bitten
no estrous,not bitten
no estrous,not bitten
no estrous,not bitten
no estrous,not bitten
no estrous,not bitten
no estrous,not bitten
no estrous,not bitten
no estrous,not bitten
no estrous,not bitten
no estrous,not bitten
no estrous,not bitten
no estrous,not bitten
no estrous,not bitten
no estrous,not bitten
no estrous,not bitten
no estrous,not bitten
no estrous,not bitten
no estrous,not bitten
no estrous,not bitten
no estrous,not bitten
no estrous,not bitten
no estrous,not bitten
no estrous,not bitten
no estrous,not bitten
no estrous,not bitten
no estrous,not bitten
no estrous,not bitten
no estrous,not bitten
no estrous,not bitten
no estrous,not bitten
no estrous,not bitten
no estrous,not bitten
no estrous,not bitten
no estrous,not bitten
no estrous,not bitten
no estrous,not bitten
no estrous,not bitten
no estrous,not bitten
no estrous,not bitten
no estrous,not bitten
no estrous,not bitten
no estrous,not bitten
no estrous,not bitten
no estrous,not bitten
no estrous,not bitten
no estrous,not bitten
no estrous,not bitten
no estrous,not bitten
no estrous,not bitten
no estrous,not bitten
no estrous,not bitten
no estrous,not bitten
no estrous,not bitten
no estrous,not bitten
no estrous,not bitten
no estrous,not bitten
no estrous,not bitten
no estrous,not bitten
no estrous,not bitten
no estrous,not bitten
no estrous,not bitten
no estrous,not bitten
no estrous,not bitten
no estrous,not bitten
no estrous,not bitten
no estrous,not bitten
no estrous,not bitten
no estrous,not bitten
no estrous,not bitten
no estrous,not bitten
no estrous,not bitten
no estrous,not bitten
no estrous,not bitten
no estrous,not bitten
no estrous,not bitten
no estrous,not bitten
no estrous,not bitten
no estrous,not bitten
no estrous,not bitten
no estrous,not bitten
no estrous,not bitten
no estrous,not bitten
no estrous,not bitten
no estrous,not bitten
no estrous,not bitten
no estrous,not bitten
no estrous,not bitten
no estrous,not bitten
no estrous,not bitten
no estrous,not bitten
no estrous,not bitten
no estrous,not bitten
no estrous,not bitten
no estrous,not bitten
no estrous,not bitten
no estrous,not bitten
no estrous,not bitten
no estrous,not bitten
no estrous,not bitten
no estrous,not bitten
no estrous,not bitten
no estrous,not bitten
no estrous,not bitten
no estrous,not bitten
no estrous,not bitten
no estrous,not bitten
no estrous,not bitten
no estrous,not bitten
no estrous,not bitten
no estrous,not bitten
no estrous,not bitten
no estrous,not bitten
no estrous,not bitten
no estrous,not bitten
no estrous,not bitten
no estrous,not bitten
no estrous,not bitten
no estrous,not bitten
no estrous,not bitten
no estrous,not bitten
no estrous,not bitten
no estrous,not bitten
no estrous,not bitten
no estrous,not bitten
no estrous,not bitten
no estrous,not bitten
no estrous,not bitten
no estrous,not bitten
no estrous,not bitten
no estrous,not bitten
no estrous,not bitten
no estrous,not bitten
no estrous,not bitten
no estrous,not bitten
no estrous,not bitten
no estrous,not bitten
no estrous,not bitten
no estrous,not bitten
no estrous,not bitten
no estrous,not bitten
no estrous,not bitten
no estrous,not bitten
no estrous,not bitten
no estrous,not bitten
no estrous,not bitten
no estrous,not bitten
no estrous,not bitten
no estrous,not bitten
no estrous,not bitten
no estrous,not bitten
no estrous,not bitten
no estrous,not bitten
no estrous,not bitten
no estrous,not bitten
no estrous,not bitten
no estrous,not bitten
no estrous,not bitten
no estrous,not bitten
no estrous,not bitten
no estrous,not bitten
no estrous,not bitten
no estrous,not bitten
no estrous,not bitten
no estrous,not bitten
no estrous,not bitten
no estrous,not bitten
no estrous,not bitten
no estrous,not bitten
no estrous,not bitten
no estrous,not bitten
no estrous,not bitten
no estrous,not bitten
no estrous,not bitten
no estrous,not bitten
no estrous,not bitten
no estrous,not bitten
no estrous,not bitten
no estrous,not bitten
no estrous,not bitten
no estrous,not bitten
no estrous,not bitten
no estrous,not bitten
no estrous,not bitten
no estrous,not bitten
no estrous,not bitten
no estrous,not bitten
no estrous,not bitten
no estrous,not bitten
no estrous,not bitten
no estrous,not bitten
no estrous,not bitten
no estrous,not bitten
no estrous,not bitten
no estrous,not bitten
no estrous,not bitten
no estrous,not bitten
no estrous,not bitten
no estrous,not bitten
no estrous,not bitten
no estrous,not bitten
no estrous,not bitten
no estrous,not bitten
no estrous,not bitten
no estrous,not bitten
no estrous,not bitten
no estrous,not bitten
no estrous,not bitten
no estrous,not bitten
no estrous,not bitten
no estrous,not bitten
no estrous,not bitten
no estrous,not bitten
no estrous,not bitten
no estrous,not bitten
no estrous,not bitten
no estrous,not bitten
no estrous,not bitten
no estrous,not bitten
no estrous,not bitten
no estrous,not bitten
no estrous,not bitten
no estrous,not bitten
no estrous,not bitten
no estrous,not bitten
no estrous,not bitten
no estrous,not bitten
no estrous,not bitten
no estrous,not bitten
no estrous,not bitten
no estrous,not bitten
no estrous,not bitten
no estrous,not bitten
no estrous,not bitten
no estrous,not bitten
no estrous,not bitten
no estrous,not bitten
no estrous,not bitten
no estrous,not bitten
no estrous,not bitten
no estrous,not bitten
no estrous,not bitten
no estrous,not bitten
no estrous,not bitten
no estrous,not bitten
no estrous,not bitten
no estrous,not bitten
no estrous,not bitten
no estrous,not bitten
no estrous,not bitten
no estrous,not bitten
no estrous,not bitten
no estrous,not bitten
no estrous,not bitten
no estrous,not bitten
no estrous,not bitten
no estrous,not bitten
no estrous,not bitten
no estrous,not bitten
no estrous,not bitten
no estrous,not bitten
no estrous,not bitten
no estrous,not bitten
no estrous,not bitten
no estrous,not bitten
no estrous,not bitten
no estrous,not bitten
no estrous,not bitten
no estrous,not bitten
no estrous,not bitten
no estrous,not bitten
no estrous,not bitten
no estrous,not bitten
no estrous,not bitten
no estrous,not bitten
no estrous,not bitten
no estrous,not bitten
no estrous,not bitten
no estrous,not bitten
no estrous,not bitten
no estrous,not bitten
no estrous,not bitten
no estrous,not bitten
no estrous,not bitten
no estrous,not bitten
no estrous,not bitten
no estrous,not bitten
no estrous,not bitten
no estrous,not bitten
no estrous,not bitten
no estrous,not bitten
no estrous,not bitten
no estrous,not bitten
no estrous,not bitten
no estrous,not bitten
no estrous,not bitten
no estrous,not bitten
no estrous,not bitten
no estrous,not bitten
no estrous,not bitten
no estrous,not bitten
no estrous,not bitten
no estrous,not bitten
no estrous,not bitten
no estrous,not bitten
no estrous,not bitten
no estrous,not bitten
no estrous,not bitten
no estrous,not bitten
no estrous,not bitten
